{"cameraMode":{"drawMode":0,"name":"Shaded","section":"Shading Mode"},"sceneLighting":false,"audioPlay":false,"sceneViewState":{"showFog":true,"showMaterialUpdate":false,"showSkybox":true,"showFlares":true,"showImageEffects":true,"showParticleSystems":true},"in2DMode":false,"pivot":{"x":2.2524330615997316,"y":0.7512776851654053,"z":-2.28210186958313},"rotation":{"x":-0.044974856078624728,"y":0.9549762010574341,"z":-0.20235805213451386,"w":-0.21224726736545564},"size":4.952690601348877,"orthographic":false}