{"cameraMode":{"drawMode":0,"name":"Shaded","section":"Shading Mode"},"sceneLighting":false,"audioPlay":false,"sceneViewState":{"showFog":true,"showMaterialUpdate":false,"showSkybox":true,"showFlares":true,"showImageEffects":true,"showParticleSystems":true},"in2DMode":false,"pivot":{"x":26.73235511779785,"y":4.0752692222595219,"z":22.659130096435548},"rotation":{"x":0.019459368661046029,"y":-0.3395306169986725,"z":-0.007025993429124355,"w":-0.9403674602508545},"size":17.14704132080078,"orthographic":false}