{"cameraMode":{"drawMode":0,"name":"Shaded","section":"Shading Mode"},"sceneLighting":true,"audioPlay":false,"sceneViewState":{"showFog":true,"showMaterialUpdate":false,"showSkybox":true,"showFlares":true,"showImageEffects":true,"showParticleSystems":true},"in2DMode":false,"pivot":{"x":0.38099682331085207,"y":0.6219345331192017,"z":0.6437641382217407},"rotation":{"x":0.15635740756988526,"y":-0.7469453811645508,"z":0.18898487091064454,"w":0.6179884076118469},"size":19.27375602722168,"orthographic":false}