{"cameraMode":{"drawMode":0,"name":"Shaded","section":"Shading Mode"},"sceneLighting":true,"audioPlay":false,"sceneViewState":{"showFog":true,"showMaterialUpdate":false,"showSkybox":true,"showFlares":true,"showImageEffects":true,"showParticleSystems":true},"in2DMode":false,"pivot":{"x":-0.3198891282081604,"y":0.5152276754379273,"z":0.2903991937637329},"rotation":{"x":-0.044974856078624728,"y":0.9549762010574341,"z":-0.20235805213451386,"w":-0.21224726736545564},"size":1.9622080326080323,"orthographic":false}